CHROMNUM,POS,PI_E,PI_S,Dxy
Mlu_24856,475,0.0,1.0,1.0
Mlu_24856,311,0.0,1.0,1.0
Mlu_24856,198,0.0,1.0,1.0
Mlu_24856,275,0.0,1.0,1.0
Mlu_24856,919,0.0,1.0,1.0
Mlu_24856,688,0.0,0.0,1.0
Mlu_24856,3,0.0,1.0,1.0
Mlu_24856,192,0.0,1.0,1.0
Mlu_24856,321,0.0,0.0,1.0
Mlu_24856,904,0.0,0.0,1.0
Mlu_24856,915,0.0,0.0,1.0
Mlu_24856,461,0.0,1.0,1.0
Mlu_24856,632,0.0,0.0,1.0
Mlu_24856,565,0.0,1.0,1.0
Mlu_24856,514,0.0,1.0,1.0
Mlu_24856,437,0.0,1.0,1.0
Mlu_24856,754,0.0,1.0,1.0
Mlu_24856,735,0.0,1.0,1.0
Mlu_24856,419,0.0,1.0,1.0
Mlu_24856,36,0.0,1.0,1.0
Mlu_24856,305,0.0,1.0,1.0
Mlu_24856,990,0.0,1.0,1.0
Mlu_24856,600,0.0,1.0,1.0
Mlu_24856,24,0.0,1.0,1.0
Mlu_24856,860,0.0,1.0,1.0
Mlu_24856,670,0.0,1.0,1.0
Mlu_24856,748,0.0,0.0,1.0
Mlu_24856,873,0.0,0.0,1.0
Mlu_24856,83,0.0,0.0,1.0
Mlu_24856,715,0.0,0.0,1.0
Mlu_24856,99,0.0,1.0,1.0
Mlu_24856,278,0.0,0.0,1.0
Mlu_24856,924,0.0,0.0,1.0
Mlu_24856,476,0.0,0.0,1.0
Mlu_24856,779,0.0,0.0,1.0
Mlu_24856,190,0.0,0.0,1.0
Mlu_24856,702,0.0,0.0,1.0
Mlu_24856,664,0.0,0.0,1.0
Mlu_24856,629,0.0,0.0,1.0
Mlu_24856,95,0.0,0.0,1.0
Mlu_24856,888,0.0,0.0,1.0
Mlu_24856,780,0.0,0.0,1.0
Mlu_24856,497,0.0,0.0,1.0
Mlu_24856,684,0.0,0.0,1.0
Mlu_24856,690,0.0,0.0,0.0
Mlu_24856,143,0.0,0.0,0.0
Mlu_24856,26,0.0,0.0,0.0
Mlu_24856,555,0.0,0.0,0.0
Mlu_24856,845,0.0,0.0,0.0
Mlu_24856,216,0.0,0.0,0.0
Mlu_24856,704,0.0,0.0,0.0
Mlu_24856,993,0.0,0.0,0.0
Mlu_24856,272,0.0,0.0,0.0
Mlu_24856,770,0.0,0.0,0.0
Mlu_24856,988,0.0,0.0,0.0
Mlu_24856,134,0.0,0.0,0.0
Mlu_24856,733,0.0,0.0,0.0
Mlu_24856,77,0.0,0.0,0.0
Mlu_24856,795,0.0,0.0,0.0
Mlu_24856,308,0.0,0.0,0.0
Mlu_24856,544,0.0,0.0,0.0
Mlu_24856,128,0.0,0.0,0.0
Mlu_24856,149,0.0,0.0,0.0
Mlu_24856,208,0.0,0.0,0.0
Mlu_24856,773,0.0,0.0,0.0
Mlu_24856,701,0.0,0.0,0.0
Mlu_24856,709,0.0,0.0,0.0
Mlu_24856,692,0.0,0.0,0.0
Mlu_24856,178,0.0,0.0,0.0
Mlu_24856,107,0.0,0.0,0.0
Mlu_24856,320,0.0,0.0,0.0
Mlu_24856,260,0.0,0.0,0.0
Mlu_24856,304,0.0,0.0,0.0
Mlu_24856,123,0.0,1.0,0.0
Mlu_24856,22,0.0,1.0,0.0
Mlu_24856,785,0.0,1.0,1.0
Mlu_24856,683,0.0,1.0,1.0
Mlu_24856,444,0.0,1.0,1.0
Mlu_24856,115,1.0,1.0,1.0
Mlu_24856,209,1.0,1.0,1.0
Mlu_24856,833,1.0,1.0,1.0
Mlu_24856,94,1.0,1.0,1.0
Mlu_24856,79,1.0,1.0,1.0
Mlu_24856,359,1.0,1.0,1.0
Mlu_24856,373,1.0,1.0,1.0
Mlu_24856,916,1.0,1.0,1.0
Mlu_24856,17,1.0,1.0,1.0
Mlu_24856,268,1.0,1.0,1.0
Mlu_24856,827,1.0,1.0,1.0
Mlu_24856,11,1.0,0.0,0.5
Mlu_24856,417,1.0,1.0,1.0
Mlu_24856,479,1.0,1.0,1.0
Mlu_24856,480,1.0,1.0,1.0
Mlu_24856,700,1.0,1.0,1.0
Mlu_24856,302,1.0,1.0,1.0
Mlu_24856,768,1.0,1.0,1.0
Mlu_24856,999,1.0,1.0,1.0
Mlu_24856,802,1.0,1.0,1.0
Mlu_24856,324,0.0,1.0,0.5
